name;email;body;post_id;user_id
id labore ex et quam laborum;Eliseo@gardner.biz;laudantium enim quasi est quidem magnam voluptate ipsam eos tempora quo necessitatibus dolor quam autem quasi reiciendis et nam sapiente accusantium;1;1
quo vero reiciendis velit similique earum;Jayne_Kuhic@sydney.com;est natus enim nihil est dolore omnis voluptatem numquam et omnis occaecati quod ullam at voluptatem error expedita pariatur nihil sint nostrum voluptatem reiciendis et;1;1
odio adipisci rerum aut animi;Nikita@garfield.biz;quia molestiae reprehenderit quasi aspernatur aut expedita occaecati aliquam eveniet laudantium omnis quibusdam delectus saepe quia accusamus maiores nam est cum et ducimus et vero voluptates excepturi deleniti ratione;1;1
et fugit eligendi deleniti quidem qui sint nihil autem;Presley.Mueller@myrl.com;doloribus at sed quis culpa deserunt consectetur qui praesentium accusamus fugiat dicta voluptatem rerum ut voluptate autem voluptatem repellendus aspernatur dolorem in;2;1
repellat consequatur praesentium vel minus molestias voluptatum;Dallas@ole.me;maiores sed dolores similique labore et inventore et quasi temporibus esse sunt id et eos voluptatem aliquam aliquid ratione corporis molestiae mollitia quia et magnam dolor;2;1
et omnis dolorem;Mallory_Kunze@marie.org;ut voluptatem corrupti velit ad voluptatem maiores et nisi velit vero accusamus maiores voluptates quia aliquid ullam eaque;2;1
aut inventore non pariatur sit vitae voluptatem sapiente;Kariane@jadyn.tv;fuga eos qui dolor rerum inventore corporis exercitationem corporis cupiditate et deserunt recusandae est sed quis culpa eum maiores corporis et;3;1
et officiis id praesentium hic aut ipsa dolorem repudiandae;Nathan@solon.io;vel quae voluptas qui exercitationem voluptatibus unde sed minima et qui ipsam aspernatur expedita magnam laudantium et et quaerat ut qui dolorum;3;1
debitis magnam hic odit aut ullam nostrum tenetur;Maynard.Hodkiewicz@roberta.com;nihil ut voluptates blanditiis autem odio dicta rerum quisquam saepe et est sunt quasi nemo laudantium deserunt molestias tempora quo quia;3;1
maiores alias necessitatibus aut non;Laverne_Price@scotty.info;a at tempore molestiae odit qui dolores molestias dolorem et laboriosam repudiandae placeat quisquam autem aperiam consectetur maiores laboriosam nostrum;4;2
culpa eius tempora sit consequatur neque iure deserunt;Kenton_Vandervort@friedrich.com;et ipsa rem ullam cum pariatur similique quia cum ipsam est sed aut inventore provident sequi commodi enim inventore assumenda aut aut tempora possimus soluta quia consequatur modi illo;4;2
quas pariatur quia a doloribus;Hayden_Olson@marianna.me;perferendis eaque labore laudantium ut molestiae soluta et vero odio non corrupti error pariatur consectetur et enim nam quia voluptatum non mollitia culpa facere voluptas suscipit veniam;4;2
sint minus reiciendis qui perspiciatis id;Ezra_Abshire@lyda.us;veritatis qui nihil quia reprehenderit non ullam ea iusto consectetur nam voluptas ut temporibus tempore provident error eos et nisi et voluptate;5;2
quis ducimus distinctio similique et illum minima ab libero;Jameson@tony.info;cumque molestiae officia aut fugiat nemo autem vero alias atque sed qui ratione quia repellat vel earum ea laudantium mollitia;5;2
expedita libero quos cum commodi ad;Americo@estrella.net;error eum quia voluptates alias repudiandae accusantium veritatis maiores assumenda quod impedit animi tempore veritatis animi et et officiis labore impedit blanditiis repudiandae;5;2
occaecati dolor accusantium et quasi architecto aut eveniet fugiat;Margarett_Klein@mike.biz;aut eligendi et molestiae voluptatum tempora officia nihil sit voluptatem aut deleniti quaerat consequatur eaque sapiente tempore commodi tenetur rerum qui quo;6;2
consequatur aut ullam voluptas dolorum voluptatum sequi et;Freida@brandt.tv;sed illum quis ut aut culpa labore aspernatur illo dolorem quia vitae ut aut quo repellendus est omnis esse at est debitis;6;2
earum ea ratione numquam;Mollie@agustina.name;qui debitis vitae ratione tempora impedit aperiam porro molestiae placeat vero laboriosam recusandae praesentium consequatur facere et itaque quidem eveniet magnam natus distinctio sapiente;6;2